<?xml version="1.0" encoding="UTF-8"?>
<beans xmlns="http://www.springframework.org/schema/beans"
	xmlns:xsi="http://www.w3.org/2001/XMLSchema-instance"
	xmlns:context="http://www.springframework.org/schema/context"
	xmlns:mvc="http://www.springframework.org/schema/mvc"
	xsi:schemaLocation="http://www.springframework.org/schema/mvc http://www.springframework.org/schema/mvc/spring-mvc-4.2.xsd
		http://www.springframework.org/schema/beans http://www.springframework.org/schema/beans/spring-beans.xsd
		http://www.springframework.org/schema/context http://www.springframework.org/schema/context/spring-context-4.2.xsd">
		
	<!-- @Controller사용 -->
	<mvc:annotation-driven />
	<!-- 다른 annotation 스캔해야해서 -->
	<context:component-scan base-package="com.guhaejwo.view"></context:component-scan>
	
	<!-- 프론트쪽에서 resources폴더 사용하려고 -->
	<mvc:resources mapping="/resources/**" location="/resources/" />
	
 	<!-- 파일 업로드 설정 -->
	<bean id="multipartResolver" class="org.springframework.web.multipart.commons.CommonsMultipartResolver">
		<property name="maxUploadSize" value="100000" />
	</bean>
 	 	
	<!-- error 처리 (Annotation 방식), Json, XML data 변환 형식에도 사용됨 -->
	<mvc:annotation-driven></mvc:annotation-driven>
	
	<!-- viewResolver 세팅-->
	<bean class="org.springframework.web.servlet.view.InternalResourceViewResolver">
		<property name="prefix" value="/WEB-INF/views/" />
		<property name="suffix" value=".jsp" />
	</bean>
</beans>
