<?xml version="1.0" encoding="UTF-8"?>
<beans xmlns="http://www.springframework.org/schema/beans"
	xmlns:xsi="http://www.w3.org/2001/XMLSchema-instance"
	xmlns:aop="http://www.springframework.org/schema/aop"
	xmlns:p="http://www.springframework.org/schema/p"
	xmlns:context="http://www.springframework.org/schema/context"
	xsi:schemaLocation="http://www.springframework.org/schema/beans http://www.springframework.org/schema/beans/spring-beans.xsd
		http://www.springframework.org/schema/context http://www.springframework.org/schema/context/spring-context-4.3.xsd
		http://www.springframework.org/schema/aop http://www.springframework.org/schema/aop/spring-aop-4.3.xsd">
	<context:component-scan base-package="com.guhaejwo.biz"></context:component-scan>

	<!-- DB연결 관련(mybatis)-->
	<bean id="dataSource" class="org.springframework.jdbc.datasource.DriverManagerDataSource">
		<property name="driverClassName" value="oracle.jdbc.driver.OracleDriver" />
		<property name="url" value="jdbc:oracle:thin:@localhost:1521:XE" />
		<property name="username" value="GUHAEJWO" />
		<property name="password" value="guhaejwo" />
	</bean>
	
	<bean id="sqlSession" class="org.mybatis.spring.SqlSessionFactoryBean">
		<property name="configLocation" value="classpath:sql-map-config.xml"></property>
		<property name="dataSource" ref="dataSource"></property>
	</bean>
	
	<bean id="mybatis" class="org.mybatis.spring.SqlSessionTemplate" destroy-method="clearCache">
		<constructor-arg ref="sqlSession"></constructor-arg>
	</bean>
 
</beans>
