<?xml version="1.0" encoding="UTF-8"?>
<!DOCTYPE mapper PUBLIC "-//mybatis.org//DTD Mapper 3.0//EN"
			"http://mybatis.org/dtd/mybatis-3-mapper.dtd">
			
<mapper namespace="UserDAO">
	<insert id="insertUser">
			INSERT INTO USERS(userseq, userid, userpw, username, useremail, userrole, userphone, userimg, useraddr, loginType) 
			VALUES ((select nvl(max(userseq), 0) + 1 from users), #{userId}, #{userPw, jdbcType=VARCHAR}, #{userName}, #{userEmail, jdbcType=VARCHAR}, 
						#{userRole},#{userPhone, jdbcType=VARCHAR}, #{userImg, jdbcType=VARCHAR}, #{userAddr, jdbcType=VARCHAR}, #{loginType})
	</insert>

	<delete id="deleteUser">
		<![CDATA[
			DELETE FROM USERS
			WHERE USERId = #{userId}
		]]>
	</delete>

	<select id="getUserById" resultType="user">
		<![CDATA[
			SELECT * 
			FROM USERS 
			WHERE USERID = #{userId}
		]]>
	</select>

	<select id="getUserByEmail" resultType="user">
		<![CDATA[
			SELECT * 
			FROM USERS 
			WHERE USERID = #{userId} and USEREMAIL = #{userEmail}
		]]>
	</select>
	
	<!-- 
	<update id="updateUser">
		<![CDATA[
			UPDATE BOARD SET
				TITLE = #{title}, 
				CONTENT = #{content} 
			WHERE SEQ = #{seq}
		]]>
	</update>
	
	
	
	<select id="getUserList" resultMap="user">
		SELECT * 
		FROM BOARD 
		WHERE 1 = 1 
		<if test="searchCondition == 'TITLE'">
			AND TITLE LIKE '%'||#{searchKeyword}||'%'
		</if>
		<if test="searchCondition == 'CONTENT'">
			AND CONTENT LIKE '%'||#{searchKeyword}||'%'
		</if>
		ORDER BY SEQ DESC
	</select>
	 -->
	
</mapper>